Start Date,End Date,Minimum Value,Maximum Value,Absolute Maximum Value,Range,25th Percentile,50th Percentile (Median),75th Percentile,Confidence Score (50% Threshold),Confidence Score (80% Threshold),[AI] Max Probability,[AI] Percent Above 50%,[AI] Percent Above 80%
2024-02-10,2024-02-22,-0.066293806,0.07111567,0.07111567,0.13740948,-0.009496038779616356,-0.00282091973349452,0.005223995540291071,nan,nan,49.0563303232193,0.0,0.0
2024-02-06,2024-02-10,-0.06975332,0.25127435,0.25127435,0.32102767,-0.0034583574160933495,-0.00045731637510471046,0.0037505493964999914,0.038200922,nan,62.875670194625854,1.9714255080834835,0.0
2023-12-08,2023-12-12,-0.06708265,0.050879832,0.06708265,0.11796248,-0.004950047703459859,-0.0015334715135395527,0.003224113257601857,nan,nan,49.060237407684326,0.0,0.0
2024-02-22,2024-03-01,-0.09278084,0.05799617,0.09278084,0.15077701,-0.004489355138503015,-0.0011994263040833175,0.003379628760740161,0.037024334,nan,57.57551789283752,0.8472778291072101,0.0
2024-05-16,2024-06-09,-0.10382128,0.34544155,0.34544155,0.44926283,0.020298590883612633,0.03314101696014404,0.04056676849722862,0.02856077,nan,61.44967675209045,3.0833493991388727,0.0
2024-06-09,2024-06-21,-0.0499804,0.05033044,0.05033044,0.10031084,-0.003738095227163285,-0.0010239272378385067,0.002094467170536518,nan,nan,49.15862679481506,0.0,0.0
2024-05-16,2024-06-21,-0.09389838,0.3390486,0.3390486,0.43294698,0.02203429490327835,0.030518654733896255,0.03592274710536003,0.045181274,nan,61.45040392875672,3.083456504509136,0.0
2024-03-05,2024-03-13,-0.05283713,0.05880989,0.05880989,0.111647025,-0.005179596599191427,-0.0009594272123649716,0.003953455947339535,-0.021665417,nan,57.31510519981384,1.5846994535519126,0.0
2023-12-24,2024-01-13,-0.05719175,0.13515213,0.13515213,0.19234388,0.014955374645069242,0.022705095820128918,0.03361812233924866,0.09470086,nan,50.73778033256531,0.0767964268012693,0.0
2024-03-17,2024-03-25,-0.046419073,0.0631857,0.0631857,0.109604776,-0.0021300436346791685,-0.00016618576046312228,0.0019634468480944633,-0.011345603,nan,60.824066400527954,1.327819043503906,0.0
2023-11-26,2023-11-30,-0.05098308,0.047439374,0.05098308,0.09842245,-0.003962046001106501,-0.0010745401959866285,0.0027387939626351,-0.053243667,nan,55.95161318778992,0.6745762832555783,0.0
2024-03-01,2024-04-06,-0.11901453,0.16207275,0.16207275,0.28108728,-0.03393375501036644,-0.029096167534589767,-0.02425200119614601,0.037786964,nan,62.77163028717041,0.858551169649711,0.0
2023-12-24,2024-02-06,-0.16748431,0.46465188,0.46465188,0.6321362,-0.011819801293313503,0.0096595985814929,0.049477579072117805,0.14433822,0.1492571,91.98789596557616,6.017922964296498,1.548234194919358
2024-06-21,2024-06-29,-0.09955364,0.04678339,0.09955364,0.14633703,-0.004038294777274132,-0.0011625818442553282,0.002304361667484045,nan,nan,49.16713535785675,0.0,0.0
2023-12-12,2023-12-20,-0.21465616,0.38269556,0.38269556,0.59735173,-0.03937560319900513,-0.03084954246878624,-0.02143573760986328,-0.015006593,0.1434213,92.52732396125792,7.109559114444464,1.8586115746076528
2024-01-13,2024-01-17,-0.09743333,0.43225887,0.43225887,0.5296922,0.017504706978797913,0.023436736315488815,0.03198413550853729,0.16962111,0.16493475,82.64689445495605,3.528223041120692,0.1679072064081345
2024-01-17,2024-01-29,-0.06942716,0.0714511,0.0714511,0.14087826,-0.008277080953121185,-0.0025667138397693634,0.005388639634475112,-0.14597528,nan,51.31120681762695,0.1251688922724498,0.0
2024-04-22,2024-05-04,-0.024738032,0.08393994,0.08393994,0.10867797,0.023098756559193134,0.026301356963813305,0.030184748582541943,0.2978767,nan,50.68764090538025,0.0736718759063961,0.0
2024-01-29,2024-02-06,-0.04714921,0.065662056,0.065662056,0.11281127,-0.005399412475526333,-0.0012040334986522794,0.003796301782131195,nan,nan,49.07681047916412,0.0,0.0
2024-05-04,2024-05-12,-0.04880669,0.07006304,0.07006304,0.11886973,-0.004345507826656103,-0.001269927597604692,0.0026727403746917844,nan,nan,49.14031028747559,0.0,0.0
2024-07-15,2024-09-01,-0.21473384,0.34580234,0.34580234,0.56053615,-0.06292204558849335,-0.05571386590600014,-0.04518665000796318,-0.124008864,0.20470285,92.3656404018402,7.314424494752364,1.369069303495533
2024-03-01,2024-03-05,-0.0489086,0.054360747,0.054360747,0.103269346,-0.005018299445509911,-0.0011210842058062553,0.0038100199308246374,nan,nan,48.95566403865814,0.0,0.0
2024-07-27,2024-09-01,-0.2419837,0.33860645,0.33860645,0.5805901,-0.06442994624376297,-0.0534837506711483,-0.04120785929262638,-0.16874306,-0.040758714,90.88885188102722,9.911080909983214,2.200152167221322
2024-03-25,2024-04-06,-0.06181838,0.043015424,0.06181838,0.104833804,-0.0033776722848415375,-0.000611431838478893,0.0022779101273044944,nan,nan,49.2216557264328,0.0,0.0
2024-05-16,2024-05-28,-0.055687852,0.104412496,0.104412496,0.16010034,-0.0062970914877951145,-0.0018000270356424153,0.004147187573835254,0.06374467,nan,61.44982576370239,3.083456504509136,0.0
2024-03-13,2024-03-17,-0.13971269,0.18648122,0.18648122,0.32619393,-0.03129966929554939,-0.025814134627580643,-0.021418346092104912,-0.18810102,0.0651701,89.32132720947266,5.268668808876439,0.6654353537850284
2024-06-29,2024-07-03,-0.043541,0.03845333,0.043541,0.081994325,-0.0024354924680665135,-0.0002826298004947603,0.0020564154256135225,0.05305808,nan,55.93097805976868,0.7302056984679999,0.0
2024-01-17,2024-02-06,-0.048488148,0.121888705,0.121888705,0.17037685,0.013042332604527473,0.021674104034900665,0.036335122771561146,0.08841407,nan,50.714111328125,0.0749870258728101,0.0
2024-08-20,2024-09-01,-0.3261935,0.3649172,0.3649172,0.69111073,-0.06679504364728928,-0.05038260668516159,-0.0336814746260643,-0.16410102,-0.004448348,91.74255132675172,8.431566010628169,2.121133440653615
2024-01-25,2024-02-06,-0.054128513,0.07043271,0.07043271,0.12456122,-0.007846745662391186,-0.0026457348139956594,0.004848635755479336,nan,nan,49.04175698757172,0.0,0.0
2023-12-24,2024-01-29,-0.117804624,0.39853925,0.39853925,0.5163439,-0.0007047179096844047,0.017174283042550087,0.042088527232408524,0.17492507,0.16864908,90.45825600624084,5.420756684080693,1.1264235539426537
2024-05-16,2024-06-29,-0.064226754,0.3710782,0.3710782,0.43530494,0.05096553359180689,0.05590793862938881,0.059726208448410034,0.13752091,nan,61.44974231719971,3.0833493991388727,0.0
2023-12-20,2023-12-24,-0.043155454,0.05580227,0.05580227,0.098957725,-0.004066096385940909,-0.0010036942549049854,0.0031432355172000825,-0.075862534,nan,60.804080963134766,1.3252474907976863,0.0
2023-11-30,2023-12-08,-0.058467507,0.06416659,0.06416659,0.1226341,-0.006251369835808873,-0.0020487243309617043,0.003605299280025065,nan,nan,49.05324578285217,0.0,0.0
2024-05-28,2024-06-09,-0.19754893,0.27593422,0.27593422,0.47348315,-0.03432675078511238,-0.022171974182128906,-0.014533523470163345,-0.3028125,-0.33297515,84.76791977882385,3.408399831518697,0.2519141668541886
2024-01-13,2024-01-29,-0.09086195,0.37489188,0.37489188,0.46575382,0.008555467240512371,0.020076127722859383,0.03630359098315239,0.22519232,nan,79.84455227851868,3.278362487541262,0.0
2023-11-18,2023-11-26,-0.056860395,0.109691925,0.109691925,0.16655232,-0.010574248619377613,-0.004832517821341753,0.005778854829259217,-0.09976671,nan,50.69757103919983,0.0685910564942823,0.0
2024-02-10,2024-02-18,-0.062417105,0.05704186,0.062417105,0.119458966,-0.006388544919900596,-0.0018133008852601051,0.004183798679150641,nan,nan,49.0563303232193,0.0,0.0
2024-03-01,2024-03-25,-0.088711925,0.20859936,0.20859936,0.29731128,-0.004980338970199227,-0.0004836264706682414,0.004095615353435278,0.16586852,nan,57.3560357093811,0.4680467642307113,0.0
2024-03-01,2024-03-17,-0.07546977,0.21536812,0.21536812,0.29083788,-0.004441515076905489,-0.00010443660721648484,0.004441219847649336,0.121590704,nan,59.68472361564636,0.4840003505295017,0.0
2024-04-10,2024-04-22,-0.05146746,0.07479206,0.07479206,0.12625952,-0.005395093467086554,-0.002121749217621982,0.00307364109903574,-0.07267648,nan,60.80508828163147,1.340689993338761,0.0
2024-04-06,2024-04-10,-0.051814087,0.041756455,0.051814087,0.093570545,-0.001967486459761858,-0.0004463273799046874,0.0012455228716135025,nan,nan,49.155500531196594,0.0,0.0
2024-05-12,2024-05-16,-0.22208215,0.050069336,0.22208215,0.2721515,-0.0023197740665636957,0.00021550204110099003,0.0031857479480095208,0.010175403,nan,60.67047119140625,1.9403195534420556,0.0
2023-11-14,2023-11-18,-0.054688543,0.09461429,0.09461429,0.14930284,-0.007887742016464472,-0.0027469622436910868,0.00437328452244401,nan,nan,49.14509057998657,0.0,0.0
2024-02-18,2024-02-22,-0.051896416,0.045434654,0.051896416,0.09733107,-0.0027577822329476476,-5.711424091714434e-05,0.002552569960244,nan,nan,49.1160124540329,0.0,0.0
2024-03-01,2024-03-13,-0.06339125,0.07574958,0.07574958,0.13914084,-0.007134276092983782,-0.0025524565717205405,0.0042500849813222885,nan,nan,48.95566403865814,0.0,0.0
2024-01-13,2024-02-06,-0.095576145,0.43619227,0.43619227,0.53176844,-7.853519491618499e-05,0.016589729115366936,0.04271828383207321,0.14374685,0.13785301,90.4170572757721,5.102024487705855,0.9824114629529722
2024-05-16,2024-05-24,-0.054218184,0.13171807,0.13171807,0.18593626,-0.004601650405675173,-0.0012558470480144024,0.002946345368400216,0.030305184,nan,61.50195598602295,3.098129940235204,0.0
2024-01-25,2024-01-29,-0.057999264,0.06741469,0.06741469,0.12541395,-0.0037500092294067144,-0.00021117636060807854,0.003515858086757362,nan,nan,49.04175698757172,0.0,0.0
2024-07-15,2024-07-27,-0.046984468,0.057176944,0.057176944,0.10416141,-0.00541139580309391,-0.0018843643483705819,0.002969624532852322,nan,nan,49.173274636268616,0.0,0.0
2024-01-17,2024-01-25,-0.05353484,0.05836044,0.05836044,0.11189528,-0.005418501794338226,-0.001379129709675908,0.0034386657644063234,-0.07254758,nan,50.69991946220398,0.0740725499475319,0.0
