Start Date,End Date,Minimum Value,Maximum Value,Absolute Maximum Value,Range,25th Percentile,50th Percentile (Median),75th Percentile,Normalized Displacement (50% Threshold),Normalized Displacement (80% Threshold),[AI] Max Probability,[AI] Percent Above 50%,[AI] Percent Above 80%,Accuracy (50% Threshold),Recall (50% Threshold),Precision (50% Threshold),Accuracy (80% Threshold),Recall (80% Threshold),Precision (80% Threshold)
2024-09-07,2024-10-29,-0.2531017,0.8823287,0.8823287,1.1354303,-0.011896861484274268,0.0001897323745652102,0.008662378648295999,nan,nan,36.18355393409729,0.0,0.0,0.7609994844498466,0.0,nan,0.7609994844498466,0.0,nan
2024-08-22,2024-12-12,-0.24141128,0.9270324,0.9270324,1.1684437,-0.031112118624150753,-0.015259841457009315,-0.0025234915665350854,nan,nan,34.183526039123535,0.0,0.0,0.768384554118261,0.0,nan,0.768384554118261,0.0,nan
2024-08-14,2024-10-29,-0.20420805,0.8748175,0.8748175,1.0790255,-0.007800677209161222,0.010572870261967182,0.018888571299612522,nan,nan,36.89803183078766,0.0,0.0,0.7653425917824636,0.0,nan,0.7653425917824636,0.0,nan
2024-12-12,2024-12-24,-0.17376181,0.34190452,0.34190452,0.51566637,-0.04262079484760761,-0.021749183535575867,-0.014009496662765741,-0.027207209,-0.010104408,96.964430809021,3.138331793992171,1.6504623521132955,0.7273503815367023,0.055159813185949924,0.4766357186651485,0.7282464979988564,0.029379119500680406,0.4827205729275097
2024-08-22,2024-10-09,-0.1473128,0.9260139,0.9260139,1.0733267,0.061766840517520905,0.08091117441654205,0.09653082862496376,nan,nan,44.45443451404572,0.0,0.0,0.7665890802230095,0.0,nan,0.7665890802230095,0.0,nan
2024-05-18,2024-10-17,-0.14383715,0.8914187,0.8914187,1.0352559,0.02456565946340561,0.06330044567584991,0.10266198962926865,0.044736784,nan,77.76147723197937,1.2126980610952287,0.0,0.7789523961152682,0.027313760559806798,0.4977453050973229,0.779007081398005,0.0,nan
2024-08-14,2024-08-22,-0.14019002,0.16432081,0.16432081,0.30451083,0.0028978261980228126,0.018326747231185436,0.03097584843635559,0.19186036,0.2442594,80.6388258934021,1.847182562723872,0.0371186391246364,0.7336267031489863,0.03454541381567648,0.4980264102196067,0.7336943120988204,0.0006869755899651783,0.4928571428571429
2024-10-25,2024-12-24,-0.14438094,0.39239335,0.39239335,0.5367743,-0.0287629384547472,0.006003911141306162,0.03011897671967745,0.09829684,0.13725656,96.96566462516785,3.867865399434884,2.1448411679082118,0.7497929617261752,0.07384223033675302,0.47380724683880565,0.7508800410994092,0.04131924606624659,0.47810743484925905
2024-07-21,2024-10-17,-0.19050008,0.8634358,0.8634358,1.0539359,0.004555979277938604,0.0407605916261673,0.07524247467517853,nan,nan,34.18354392051697,0.0,0.0,0.768679852727117,0.0,nan,0.768679852727117,0.0,nan
2024-10-05,2024-11-06,-0.11339764,0.095262535,0.11339764,0.20866019,-0.04499227460473776,-0.018984157592058182,0.0026695654378272593,nan,nan,36.8310272693634,0.0,0.0,0.7545555418928335,0.0,nan,0.7545555418928335,0.0,nan
2024-07-21,2024-12-24,-0.16661413,0.9291168,0.9291168,1.0957309,0.01753375492990017,0.029538032598793507,0.04378338251262903,0.016864114,0.025198445,95.90295553207396,2.500351057453549,0.8713759739703743,0.7689915232468534,0.052696317207139805,0.4853158731028437,0.769257984416474,0.01790455169459636,0.4731546262086314
2024-05-18,2024-09-03,-0.14665003,0.793633,0.793633,0.940283,-0.003231763024814427,0.0073275319300591946,0.025524902157485485,0.0121547505,0.03802711,89.28781747817993,2.133279801748545,0.3260350401140776,0.7753241314384999,0.04704059211287152,0.49495424751768446,0.7755283359753017,0.00723796307004356,0.49830148619957537
2024-07-21,2024-09-07,-0.1970699,0.29640773,0.29640773,0.49347764,-0.01828080043196678,-0.008632556535303593,0.002713676425628364,0.20135993,nan,55.3911566734314,0.253103861631989,0.0,0.7637595684562034,0.0037857468014584504,0.35223274695534507,0.7645075777035705,0.0,nan
2024-08-22,2024-10-01,-0.24563219,0.89641917,0.89641917,1.1420513,-0.04273442644625902,-0.02923149522393942,-0.014458512421697378,-0.06926964,nan,75.89542865753174,0.7724314080909616,0.0,0.7629380544340996,0.016272148644832406,0.49937777777777775,0.7629476669138447,0.0,nan
2024-09-07,2024-10-09,-0.2494183,0.8574874,0.8574874,1.1069057,0.0018397611856926233,0.029306957498192787,0.05223257467150688,nan,nan,34.26999151706696,0.0,0.0,0.760893643027611,0.0,nan,0.760893643027611,0.0,nan
2024-08-10,2024-08-26,-0.08141056,0.14152691,0.14152691,0.22293746,0.0018810481415130198,0.01840436737984419,0.04922860860824585,nan,nan,37.92518377304077,0.0,0.0,0.7664306393961777,0.0,nan,0.7664306393961777,0.0,nan
2024-08-02,2024-08-14,-0.07314461,0.086839505,0.086839505,0.15998411,-0.0015315998462028801,0.0099441884085536,0.020839772187173367,nan,nan,17.343585193157196,0.0,0.0,0.8427779691834961,0.0,nan,0.8427779691834961,0.0,nan
2024-07-21,2024-10-25,-0.16589637,0.922664,0.922664,1.0885603,0.0020783175714313984,0.0391710102558136,0.07062072306871414,nan,nan,34.18353199958801,0.0,0.0,0.7653771727031424,0.0,nan,0.7653771727031424,0.0,nan
2024-10-05,2024-10-29,-0.09915838,0.05986493,0.09915838,0.15902331,-0.030954476911574602,-0.01610548421740532,-0.0029200262506492436,nan,nan,42.47576892375946,0.0,0.0,0.7440885549329258,0.0,nan,0.7440885549329258,0.0,nan
2024-12-24,2025-02-22,-0.15067485,0.07146303,0.15067485,0.22213788,-0.02847537398338318,-0.021571703255176544,-0.011043166741728783,-0.33172444,nan,65.77919125556946,0.7553626918180449,0.0,0.7553818565112045,0.013483445941200432,0.4348948894527003,0.7563654159422869,0.0,nan
2024-09-07,2024-10-01,-0.25489983,0.86518717,0.86518717,1.120087,-0.003614006971474737,0.005199978360906243,0.013207573909312487,-0.076820396,-0.08871453,81.45083785057068,1.0630575879764146,0.0366689314454865,0.7503986124530969,0.02129379611467216,0.4999678828365879,0.7503992953009823,0.0007345518413039732,0.5
2024-08-10,2024-09-15,-0.09905225,0.3543342,0.3543342,0.45338646,0.055045478977262974,0.07756156846880913,0.09196966327726841,nan,nan,37.92518377304077,0.0,0.0,0.7573330474969506,0.0,nan,0.7573330474969506,0.0,nan
2024-08-26,2024-10-09,-0.22627711,0.8263995,0.8263995,1.0526767,0.003591184737160802,0.012796110473573208,0.023907102644443512,nan,nan,17.34386682510376,0.0,0.0,0.7775602527902872,0.0,nan,0.7775602527902872,0.0,nan
2024-05-18,2024-08-22,-0.13175865,0.8199841,0.8199841,0.9517427,0.028586456552147865,0.04442352056503296,0.06321930140256882,0.036030713,0.074968845,84.6126914024353,2.6100108678346707,0.1467503789897759,0.7761952887590594,0.05775055279245353,0.49457631613844316,0.7764784062355067,0.0032826890797941198,0.5
2024-09-15,2024-12-20,-0.16495739,0.66268504,0.66268504,0.82764244,-0.03713066689670086,-0.013547061942517757,0.005748538766056299,nan,nan,48.98501336574554,0.0,0.0,0.7621005508878494,0.0,nan,0.7621005508878494,0.0,nan
2024-07-21,2024-12-12,-0.121058784,0.9174633,0.9174633,1.0385221,0.014465143671259284,0.03496232070028782,0.061200838536024094,nan,nan,34.183523058891296,0.0,0.0,0.7696953506293347,0.0,nan,0.7696953506293347,0.0,nan
2024-05-18,2024-08-14,-0.3569224,0.59254766,0.59254766,0.94947004,-0.17126969993114471,-0.16300058364868164,-0.13750304281711578,-0.26941624,nan,73.69728088378906,0.9547081259561272,0.0,0.8805126572201879,0.039424538041271794,0.4928581786542923,0.8806490243176454,0.0,nan
2024-10-25,2024-11-06,-0.11201732,0.08591601,0.11201732,0.19793333,-0.05415633134543896,-0.006478331051766872,0.019799665547907352,nan,nan,36.448583006858826,0.0,0.0,0.757951879441733,0.0,nan,0.757951879441733,0.0,nan
2024-08-22,2024-12-20,-0.19866979,0.9270365,0.9270365,1.1257063,-0.026341564022004604,-0.010583368595689535,0.0065422047628089786,nan,nan,34.183526039123535,0.0,0.0,0.7672138914064431,0.0,nan,0.7672138914064431,0.0,nan
2024-08-14,2024-10-09,-0.20204929,0.87405634,0.87405634,1.0761056,0.005800062324851751,0.019399660639464855,0.04169422760605812,nan,nan,40.26769399642944,0.0,0.0,0.7580216030479705,0.0,nan,0.7580216030479705,0.0,nan
2024-09-03,2024-09-07,-0.059364635,0.08612848,0.08612848,0.14549312,0.014594294130802155,0.021227044984698296,0.031248796731233597,0.25042644,nan,62.974995374679565,0.3874005831542347,0.0,0.7440972745068514,0.007569293808959583,0.5,0.7440972745068514,0.0,nan
2024-10-25,2024-12-12,-0.13884631,0.12949786,0.13884631,0.26834416,-0.011391689069569111,0.00661444803699851,0.02106599137187004,0.27616635,0.32974145,86.91652417182922,1.3421697063104718,0.293175785598082,0.7587187259183149,0.027209376034884398,0.48851689292640604,0.7590269714872848,0.006083165975203992,0.5
2024-08-02,2024-12-12,-0.24393502,0.8575255,0.8575255,1.1014606,0.004108670516870916,0.022481116466224194,0.048029739409685135,nan,nan,48.98825287818909,0.0,0.0,0.7609602669203113,0.0,nan,0.7609602669203113,0.0,nan
2024-09-03,2024-11-06,-0.19780357,0.91930616,0.91930616,1.1171098,0.011097901500761509,0.018690142780542374,0.029766814783215523,0.023878027,nan,67.87766218185425,0.4830871582866764,0.0,0.7718826573215972,0.010588567107931974,0.5,0.7718826573215972,0.0,nan
2024-08-10,2024-10-17,-0.21846862,0.8557386,0.8557386,1.0742072,0.008292822167277336,0.04620491713285446,0.0903056189417839,nan,nan,37.92518377304077,0.0,0.0,0.7631619164055934,0.0,nan,0.7631619164055934,0.0,nan
2024-08-22,2024-08-26,-0.09489265,0.118001044,0.118001044,0.2128937,-0.007086186204105616,0.010569773614406586,0.03278904780745506,nan,nan,38.83928060531616,0.0,0.0,0.7717667737771553,0.0,nan,0.7717667737771553,0.0,nan
2024-10-29,2024-12-24,-0.16792065,0.41909963,0.41909963,0.5870203,0.004696641699410975,0.01151435635983944,0.017109497915953398,0.087331764,0.13095205,96.85521721839903,2.980829281901749,1.5094267478038716,0.7547027526131911,0.055211603556833924,0.4486780530679146,0.7566953063816951,0.028953353093521816,0.46465262466575974
2024-10-09,2024-11-06,-0.15640177,0.11138698,0.15640177,0.26778874,-0.06563759222626686,-0.029561981558799744,-0.002322251326404512,nan,nan,37.77981400489807,0.0,0.0,0.759302304879308,0.0,nan,0.759302304879308,0.0,nan
2024-07-21,2024-10-01,-0.1938195,0.8939434,0.8939434,1.087763,0.014540200121700764,0.026366842910647392,0.04286882560700178,-0.037532665,nan,55.596619844436646,0.1250107029711447,0.0,0.764567856837058,0.0026534730092042345,0.4997260273972603,0.7645685418272112,0.0,nan
2024-10-01,2024-10-05,-0.04855794,0.07130688,0.07130688,0.11986482,-0.0026603640289977193,0.008609362877905369,0.0194713082164526,nan,nan,34.18352007865906,0.0,0.0,0.7293106362976646,0.0,nan,0.7293106362976646,0.0,nan
2024-09-03,2024-09-15,-0.16637556,0.2877143,0.2877143,0.45408988,-0.013822340872138739,0.004041869658976793,0.026244324631989002,nan,nan,47.71502912044525,0.0,0.0,0.7330488289003573,0.0,nan,0.7330488289003573,0.0,nan
2024-07-21,2024-08-26,-0.19863823,0.27241603,0.27241603,0.47105426,-0.009067945182323456,0.008729835040867329,0.03125632554292679,nan,nan,40.8306360244751,0.0,0.0,0.7699727716414076,0.0,nan,0.7699727716414076,0.0,nan
2024-11-06,2025-02-22,-0.13711216,0.28312922,0.28312922,0.42024136,0.013034934177994728,0.022990891709923744,0.03402835130691528,0.06378698,0.079412065,96.7626690864563,2.883578947368421,1.375719298245614,0.7635782456140351,0.055988844559321065,0.45388284539193496,0.7652884210526316,0.02739477231313286,0.46549173638033053
2024-09-07,2024-10-25,-0.24194641,0.8636113,0.8636113,1.1055577,-0.028647251892834902,0.004017675993964076,0.045542625710368156,nan,nan,34.18355584144592,0.0,0.0,0.7590485880412849,0.0,nan,0.7590485880412849,0.0,nan
2024-11-06,2024-12-20,-0.07339175,0.12195744,0.12195744,0.19534919,-0.00859755976125598,0.0006163397338241339,0.009785625617951155,0.18772139,0.31360093,96.1229145526886,2.7030175438596493,1.048842105263158,0.7588919298245614,0.0528013955670224,0.4675606210083597,0.7605038596491228,0.02161369766623666,0.49324233908738124
2024-09-15,2024-10-25,-0.19916561,0.6120649,0.6120649,0.81123054,-0.06722481548786163,-0.054847827181220055,-0.04670685902237892,nan,nan,34.18352007865906,0.0,0.0,0.7424505780442927,0.0,nan,0.7424505780442927,0.0,nan
2024-07-21,2024-10-29,-0.15542115,0.9125169,0.9125169,1.0679381,0.00185111234895885,0.017871519550681114,0.04207278601825237,0.022873174,nan,52.512502670288086,0.0570596797671033,0.0,0.7719410908468191,0.0012494875148864723,0.49939975990396157,0.7719417758369723,0.0,nan
2024-10-05,2024-10-09,-0.08959063,0.061490115,0.08959063,0.15108074,-0.0090026396792382,0.011167715769261122,0.018663665279746056,nan,nan,41.786542534828186,0.0,0.0,0.7070052435575386,0.0,nan,0.7070052435575386,0.0,nan
2024-10-17,2024-12-12,-0.06875788,0.115774736,0.115774736,0.18453261,-0.018643068615347147,0.004713608184829354,0.018614678643643856,0.41601112,nan,64.21428322792053,0.447334312144568,0.0,0.7554249780045018,0.0090866401562817,0.496742671009772,0.7554541203049673,0.0,nan
2024-08-02,2024-10-01,-0.21545301,0.8610723,0.8610723,1.0765253,0.0017640671285334975,0.017709439620375633,0.03078217664733529,-0.03263364,nan,69.07287240028381,0.5313844018443086,0.0,0.7533727702378578,0.010773027827397613,0.5,0.7533727702378578,0.0,nan
2024-08-22,2024-09-15,-0.12235794,0.3522454,0.3522454,0.47460333,-0.007799939718097448,0.006407874636352062,0.0191012779250741,nan,nan,34.183526039123535,0.0,0.0,0.761719329323556,0.0,nan,0.761719329323556,0.0,nan
2024-08-02,2024-08-22,-0.17524102,0.11781969,0.17524102,0.29306072,-0.031384991481900215,-0.007664935197681189,0.006966117070987821,-0.040675897,0.019226084,83.1645667552948,1.1721448082252073,0.0994851827246906,0.733533430153489,0.021391682732882705,0.48569017649954294,0.7338194397508832,0.0017761879321424976,0.4751449875724938
2024-09-15,2024-12-12,-0.110063426,0.7034473,0.7034473,0.8135107,0.022969871759414673,0.029634982347488403,0.039476022124290466,nan,nan,34.18352007865906,0.0,0.0,0.7602259249817109,0.0,nan,0.7602259249817109,0.0,nan
2024-09-07,2024-11-06,-0.25727752,0.9461875,0.9461875,1.203465,-0.017821164801716805,-0.008595713414251804,0.004332393407821655,nan,nan,34.18352007865906,0.0,0.0,0.7647698290490319,0.0,nan,0.7647698290490319,0.0,nan
2024-08-02,2024-10-17,-0.253233,0.8324928,0.8324928,1.0857258,-0.008906211704015732,0.022619299590587616,0.056948285549879074,nan,nan,34.18354094028473,0.0,0.0,0.7565905842673292,0.0,nan,0.7565905842673292,0.0,nan
2024-08-22,2024-09-03,-0.08808398,0.110687256,0.110687256,0.19877124,-0.014482845552265644,-0.002830951474606991,0.010660097934305668,nan,nan,34.183526039123535,0.0,0.0,0.7549212463266596,0.0,nan,0.7549212463266596,0.0,nan
2024-05-18,2024-08-26,-0.15427643,0.7933909,0.7933909,0.94766736,0.015875816345214844,0.040777962654829025,0.05750775709748268,0.026810987,0.034350462,93.14013123512268,2.043429805555748,0.5186795234765996,0.7745415781203492,0.04489943301424379,0.49493563685636854,0.7747270927503929,0.01146571195894347,0.4979314026424663
2024-08-02,2024-09-03,-0.11491415,0.13672306,0.13672306,0.25163722,-0.023114651441574097,-0.00974154844880104,0.0007310310611501336,-0.03460043,nan,50.47500133514404,0.0168968205953285,0.0,0.7480576898666882,0.0002977310278263999,0.44390243902439025,0.748076647275161,0.0,nan
2024-05-18,2024-09-15,-0.13221419,0.8081017,0.8081017,0.9403159,0.0466872863471508,0.057674430310726166,0.06778352707624435,0.06549691,0.07831464,89.71880674362183,1.351280258612932,0.3210510649785758,0.7764666385164367,0.03013089345780498,0.49833512627426874,0.7765067872050283,0.0071718836144682805,0.4992453643811988
2024-11-06,2024-12-24,-0.16049205,0.38942334,0.38942334,0.5499154,0.0027481673168949783,0.013744856230914593,0.027335780672729015,0.07345365,0.112080604,96.9346821308136,3.3992982456140357,1.7800701754385966,0.7553329824561403,0.06375975948048249,0.4529108175061932,0.7572964912280702,0.034296409208677416,0.4652290467554995
2024-08-10,2024-12-12,-0.23580702,0.84715116,0.84715116,1.0829582,-0.00040630315197631717,0.024018988013267517,0.04381731152534485,nan,nan,37.92518377304077,0.0,0.0,0.766055656022799,0.0,nan,0.766055656022799,0.0,nan
2024-08-14,2024-10-25,-0.16193916,0.9604138,0.9604138,1.122353,0.005776626989245415,0.019848402589559555,0.045275475829839706,nan,nan,34.42000150680542,0.0,0.0,0.7565527654711813,0.0,nan,0.7565527654711813,0.0,nan
2024-09-03,2024-10-09,-0.28154254,0.84546435,0.84546435,1.1270069,-0.006176292896270752,0.023723912425339222,0.05518501624464989,nan,nan,47.25961089134216,0.0,0.0,0.7542703043079493,0.0,nan,0.7542703043079493,0.0,nan
2024-08-10,2024-12-24,-0.22360246,0.8815967,0.8815967,1.1051991,0.007192124146968126,0.016844525933265686,0.030328989028930664,0.00743977,0.023876993,94.98551487922668,2.226622970490931,0.8573676450195133,0.7625527453028026,0.04270214352731734,0.45120904960122016,0.7641998420824737,0.017103411359973057,0.469343125928371
2024-09-07,2024-12-24,-0.26696423,0.8445935,0.8445935,1.1115577,-0.02394413948059082,-0.015155305154621601,-0.006931138224899769,-0.035113882,-0.023913108,95.57533264160156,2.152404819540375,0.8508284651969504,0.7673373370981014,0.04348243339809953,0.46716474731131624,0.7683397577938551,0.017507544573517515,0.47584269662921347
2024-08-14,2024-10-05,-0.2050423,0.892457,0.892457,1.0974994,0.0018563041230663657,0.01333477720618248,0.026816194877028465,nan,nan,38.86570930480957,0.0,0.0,0.7659689688176918,0.0,nan,0.7659689688176918,0.0,nan
2024-10-17,2024-12-24,-0.15104793,0.45011672,0.45011672,0.60116464,-0.03932690806686878,0.015857446938753128,0.038231637328863144,0.13187458,0.1706607,96.93921208381651,3.078467725596099,1.5811085731097054,0.7534294242869156,0.05782172192624378,0.4583023418306399,0.7550891476848524,0.03053957177204589,0.4712994251108088
2024-08-10,2024-10-25,-0.22932203,0.9102638,0.9102638,1.1395859,-0.01914857141673565,0.018714992329478264,0.05502733774483204,nan,nan,37.92518377304077,0.0,0.0,0.7623804652057881,0.0,nan,0.7623804652057881,0.0,nan
2024-09-03,2024-12-12,-0.2175874,0.9050681,0.9050681,1.1226555,0.014868853148072958,0.03483374044299126,0.06607701629400253,-0.0020252264,nan,56.35609030723572,0.2894553120422719,0.0,0.7668094892609273,0.0062064127550661,0.5,0.7668094892609273,0.0,nan
2024-10-05,2024-12-12,-0.05954579,0.15353625,0.15353625,0.21308203,0.021431290544569492,0.028235161677002907,0.035353826358914375,0.37326968,0.50856924,90.85986614227296,2.3469384767626376,0.7631118215726573,0.7523619430732927,0.04226983467492445,0.44102604085451425,0.7547663381757924,0.014839203354924332,0.4761653558411663
2024-08-22,2024-12-24,-0.19119544,0.9423942,0.9423942,1.1335896,-0.011672571301460266,0.005499145016074181,0.02292557992041111,0.0027443075,0.004714133,96.74659967422484,3.7699458954711487,1.746381587981654,0.7633551673944687,0.07462101526509113,0.46286447993880564,0.7655426931421823,0.036031076307838666,0.48246510713583646
2024-05-18,2024-07-21,-0.174034,0.78846157,0.78846157,0.96249557,0.008458074880763888,0.025309178046882153,0.05224628746509552,0.057714082,0.03301123,89.58562016487122,1.651287873019389,0.3100447865543426,0.7691858815059911,0.035097519807303024,0.4898763361978621,0.7695202231713311,0.00672607355882724,0.5
2024-08-26,2024-12-24,-0.1873276,0.93104035,0.93104035,1.1183679,0.0013482171343639493,0.025126874446868896,0.04536226578056812,0.025445096,0.03042116,96.74080610275269,2.87731613467126,1.376826191313492,0.7726096056212038,0.057802527919923866,0.45115931366732326,0.7748309097923801,0.029341384730925818,0.47859941476962753
2024-10-05,2024-10-17,-0.06822754,0.103954524,0.103954524,0.17218205,0.00894437450915575,0.01745036244392395,0.04564965143799782,0.17797413,0.21929649,94.35393214225768,1.6600207283011574,0.5905955580538819,0.7191278596565192,0.029467802008481182,0.49850088183421515,0.7191776310011067,0.010515464992324192,0.5
2024-08-26,2024-09-15,-0.14911339,0.30271783,0.30271783,0.45183122,-0.012101567350327969,-0.007424355484545231,-0.0012553996639326215,nan,nan,34.270042181015015,0.0,0.0,0.7664243694753339,0.0,nan,0.7664243694753339,0.0,nan
2024-08-02,2024-10-05,-0.22700809,0.8428349,0.8428349,1.0698429,0.0052895257249474525,0.02575923129916191,0.04442925751209259,nan,nan,34.18397605419159,0.0,0.0,0.754132715047072,0.0,nan,0.754132715047072,0.0,nan
2024-07-21,2024-08-14,-0.24909265,0.14777091,0.24909265,0.39686358,-0.02771555120125413,-0.011129421647638083,0.00048752246220828965,-0.030420467,nan,50.54453611373901,0.0112338385135713,0.0,0.869610069355253,0.0003520331226388823,0.40853658536585363,0.8696306190598511,0.0,nan
2024-12-12,2024-12-20,-0.08502969,0.0698944,0.08502969,0.1549241,-0.03656681999564171,-0.004331092583015561,0.005527837667614222,nan,nan,34.18352007865906,0.0,0.0,0.7400633466376391,0.0,nan,0.7400633466376391,0.0,nan
2024-08-26,2024-12-20,-0.19351213,0.90626425,0.90626425,1.0997764,-0.01546743605285883,0.011766805313527584,0.034094031900167465,nan,nan,21.46605998277664,0.0,0.0,0.7757701670587351,0.0,nan,0.7757701670587351,0.0,nan
2024-10-29,2024-12-20,-0.052064717,0.16258831,0.16258831,0.21465303,0.012605300871655345,0.021029467694461346,0.035486988723278046,0.27929553,0.36156112,94.11411881446838,3.474081931205205,1.3947876379528386,0.7567838171212342,0.068877961922222,0.4793632676354891,0.7581546714552156,0.028713549796608083,0.497740887399736
2024-10-09,2024-10-25,-0.064466216,0.1434843,0.1434843,0.2079505,-0.004651726223528385,0.015754452906548977,0.03557319939136505,nan,nan,37.77977228164673,0.0,0.0,0.7255092775576042,0.0,nan,0.7255092775576042,0.0,nan
2024-08-22,2024-10-29,-0.19974588,0.9038338,0.9038338,1.1035796,-0.024075687862932682,-0.008107625879347324,0.007539077894762158,nan,nan,34.183529019355774,0.0,0.0,0.7734980500398231,0.0,nan,0.7734980500398231,0.0,nan
2024-10-17,2024-12-20,-0.11822248,0.15089117,0.15089117,0.26911366,-0.057904329150915146,0.00012580820475704968,0.021344128996133804,0.28729028,0.44244137,96.31681442260742,3.2879453567988985,1.31841155034263,0.7575124687414134,0.06393304424645907,0.4673321234119782,0.7592776595124632,0.02663131030261737,0.4854744487132256
2024-12-20,2024-12-24,-0.15011217,0.35261205,0.35261205,0.50272423,0.00852487818337977,0.014843098353594542,0.0202300394885242,0.026247194,0.03532564,96.93567156791688,2.922384095107053,1.4991925323755253,0.7204403686012886,0.051099886735849635,0.48755753907984206,0.7207531129327975,0.026140141427128293,0.4861762696424505
2024-10-17,2024-10-25,-0.09424329,0.05145557,0.09424329,0.14569886,-0.040391065180301666,-0.02604280784726143,-0.006258031353354454,nan,nan,34.18352007865906,0.0,0.0,0.7161938906636396,0.0,nan,0.7161938906636396,0.0,nan
2024-08-26,2024-10-29,-0.1939453,0.88455474,0.88455474,1.0785,-0.011013160925358534,0.009643072728067636,0.03083060123026371,0.0042419843,-0.007928889,84.98427867889404,1.0920103383169848,0.147426858455876,0.7711377270042439,0.023857368976170974,0.5,0.7711377270042439,0.0032208641583012215,0.5
2024-10-05,2024-12-20,-0.103281885,0.1930606,0.1930606,0.2963425,-0.009541206294670701,0.009713086765259504,0.026254404336214066,0.3162367,0.22023772,80.93556761741638,2.1130863503551334,0.0411345524385031,0.7524710008724624,0.03993973269397238,0.4650675441634915,0.7539348639485657,0.0008106041901543569,0.48487544483985767
2024-09-07,2024-10-05,-0.2690403,0.8565901,0.8565901,1.1256304,-0.01172481570392847,0.015068599954247475,0.0365058034658432,nan,nan,39.0909343957901,0.0,0.0,0.7607157611534666,0.0,nan,0.7607157611534666,0.0,nan
2024-07-21,2024-10-05,-0.1852869,0.90858793,0.90858793,1.0938748,0.015531024895608425,0.039761677384376526,0.05890529416501522,nan,nan,44.40014660358429,0.0,0.0,0.7737525473071325,0.0,nan,0.7737525473071325,0.0,nan
2024-09-15,2024-12-24,-0.17780857,0.690926,0.690926,0.8687346,-0.017003735527396202,0.0022271841298788786,0.018162707798182964,0.0003937118,0.006362252,96.82766199111938,2.7133581990290185,1.3238073333481124,0.7585352285574941,0.04962260442975784,0.43516225393826435,0.7609522905628588,0.025502769508475933,0.45839656706264065
2024-12-12,2025-02-22,-0.1560094,0.23035555,0.23035555,0.38636494,-0.04990515299141407,-0.014521739445626736,-0.003249813395086676,-0.09417016,-0.10610121,96.59995436668396,2.9112789725997272,1.3711818841535823,0.7624191845889959,0.057399101830479984,0.4643211217071098,0.7640086917799181,0.02807582208189742,0.4822081892447251
2024-08-26,2024-10-17,-0.2140793,0.9106065,0.9106065,1.1246858,0.011165901087224483,0.02653949335217476,0.04778699949383736,nan,nan,38.60940635204315,0.0,0.0,0.7707362124476341,0.0,nan,0.7707362124476341,0.0,nan
2024-08-02,2024-12-20,-0.23667155,0.89786655,0.89786655,1.134538,-0.005839551100507379,0.01033055316656828,0.022683849558234215,0.0106267575,0.0089581,90.76910614967346,2.2090326281726878,0.6736473889054652,0.7593991655443332,0.04436443008387186,0.4815678519458229,0.760192903994738,0.014003849855630414,0.498470573840695
2024-12-20,2025-02-22,-0.16468944,0.19626443,0.19626443,0.36095387,-0.011145222932100296,-0.004790169186890125,0.0015278107021003962,-0.16123725,-0.20302491,96.88310027122498,3.1403491401238,1.5888504597273387,0.7500001707119713,0.0589253261649832,0.4649698841027202,0.7514225428572404,0.03048982960471656,0.47552432525356714
2024-07-21,2024-08-22,-0.1929631,0.28706226,0.28706226,0.48002535,0.00872784573584795,0.030468836426734924,0.04559493809938431,nan,nan,44.45938169956207,0.0,0.0,0.7568788423666409,0.0,nan,0.7568788423666409,0.0,nan
2024-10-09,2024-10-17,-0.04181965,0.08195615,0.08195615,0.123775795,0.0004765230623888783,0.011019214987754822,0.025567018426954746,nan,nan,37.77977228164673,0.0,0.0,0.7228184119726961,0.0,nan,0.7228184119726961,0.0,nan
2024-08-10,2024-12-20,-0.20109752,0.9539456,0.9539456,1.1550431,0.01855815201997757,0.029757698997855186,0.04193587228655815,nan,nan,37.92520463466644,0.0,0.0,0.7640250856801633,0.0,nan,0.7640250856801633,0.0,nan
2024-08-02,2024-09-07,-0.09545594,0.1699977,0.1699977,0.26545364,0.003111838595941663,0.011480605229735374,0.020304273813962936,nan,nan,34.18361246585846,0.0,0.0,0.7585514396915383,0.0,nan,0.7585514396915383,0.0,nan
2024-10-17,2024-11-06,-0.1288498,0.11503943,0.1288498,0.24388924,-0.06390674784779549,-0.002593135111965239,0.023407422471791506,nan,nan,38.470831513404846,0.0,0.0,0.757159985678641,0.0,nan,0.757159985678641,0.0,nan
2024-07-21,2024-08-10,-0.1858924,0.21175058,0.21175058,0.39764297,0.006611979566514492,0.01427554152905941,0.020677221938967705,nan,nan,41.834330558776855,0.0,0.0,0.7528298655706824,0.0,nan,0.7528298655706824,0.0,nan
2024-08-26,2024-09-03,-0.083616175,0.08858237,0.08858237,0.17219853,-0.03393195942044258,-0.005590423475950956,0.004639976425096393,nan,nan,34.1869592666626,0.0,0.0,0.7688102399868894,0.0,nan,0.7688102399868894,0.0,nan
2024-09-07,2024-12-12,-0.25829542,0.9242449,0.9242449,1.1825403,-0.012182275764644146,0.004514333792030811,0.037292223423719406,nan,nan,34.26998853683472,0.0,0.0,0.7673588468064911,0.0,nan,0.7673588468064911,0.0,nan
2024-10-25,2024-12-20,-0.097413614,0.14843911,0.14843911,0.24585272,-0.021965157240629196,0.02010400965809822,0.05004001781344414,0.36999506,0.46005768,96.52408361434937,3.645928589776522,1.7387105060364758,0.7558171076290778,0.07123133109652899,0.47325555179799345,0.757477523760596,0.03529117338909791,0.49166765157782766
2024-05-18,2024-10-25,-0.15920796,0.89852655,0.89852655,1.0577345,0.01982780732214451,0.06279262900352478,0.08698433265089989,0.029195124,0.028717374,88.43929171562195,2.06177360292947,0.3076220208634737,0.7777036334563175,0.045815782827889166,0.4933691455430586,0.7779763676512325,0.006926149135907165,0.4998874887488749
2024-10-01,2024-12-12,-0.08921452,0.1374377,0.1374377,0.22665222,-0.007478813640773296,0.009225069545209408,0.03575648367404938,0.4586556,nan,79.55996990203857,0.9697162114614944,0.0,0.7616505448168184,0.018824594462095563,0.4612359152434271,0.7624023480450367,0.0,nan
2024-08-22,2024-09-07,-0.11494013,0.11972225,0.11972225,0.23466238,-0.01849769614636898,-0.004039728082716465,0.011162364855408669,-0.01412609,nan,54.26188111305237,0.1034714783993848,0.0,0.7660624536541155,0.002211519271181864,0.5,0.7660624536541155,0.0,nan
2024-10-29,2024-12-12,-0.070367195,0.11500306,0.11500306,0.18537025,-0.002037979371380061,0.014678333420306444,0.03528670221567154,0.13948411,0.23960318,96.22204303741456,3.009506761512415,1.3952832980942576,0.7464723159649299,0.05682263467250932,0.4759540727495177,0.7478452945566604,0.027527896573760015,0.49733570159857904
2024-07-21,2024-11-06,-0.14077388,0.9000372,0.9000372,1.0408111,-0.0030901191639713943,0.018655152060091496,0.032215820625424385,nan,nan,34.18352007865906,0.0,0.0,0.7725209350115592,0.0,nan,0.7725209350115592,0.0,nan
2024-05-18,2024-12-24,-0.15206204,0.9252758,0.9252758,1.0773379,0.018845863174647093,0.028976423665881157,0.04652855359017849,0.035662483,nan,73.34510087966919,1.2251579989339831,0.0,0.7799817254245032,0.027766414721486245,0.4985592406350641,0.780017028581713,0.0,nan
2024-09-15,2024-10-29,-0.12906604,0.68931574,0.68931574,0.8183818,-0.0018142714689020067,0.011570973321795464,0.02733273571357131,0.0011465815,-0.017068809,85.42465567588806,1.0987968032986766,0.1600290407679177,0.7581594027799331,0.02271600977389979,0.4999684761364353,0.7581600955463433,0.0033085739330207136,0.5
2024-08-02,2024-10-09,-0.2685064,0.82850623,0.82850623,1.0970126,-0.01454181200824678,0.013654711190611124,0.037495601922273636,nan,nan,34.183526039123535,0.0,0.0,0.7552759292014974,0.0,nan,0.7552759292014974,0.0,nan
2024-09-03,2024-10-05,-0.26627252,0.8394205,0.8394205,1.105693,-0.009342986159026623,0.00879177451133728,0.03347764536738396,-0.028035557,nan,76.38522982597351,0.7783603236095331,0.0,0.7584824300830927,0.016113948229052717,0.5,0.7584824300830927,0.0,nan
2024-10-09,2024-12-24,-0.15732819,0.41414347,0.41414347,0.5714717,-0.04224931448698044,-0.013129240833222866,0.004328741226345301,0.09826959,0.15699297,96.02181315422058,2.5409576305285237,1.088310384241505,0.7515540932705216,0.04518965044023532,0.43607062780269057,0.7538023565103137,0.020152219909992462,0.4540308860096846
2024-08-02,2024-08-26,-0.10097447,0.15213875,0.15213875,0.2531132,0.009299520403146744,0.023792864754796028,0.043407585471868515,nan,nan,34.183523058891296,0.0,0.0,0.7628547714148656,0.0,nan,0.7628547714148656,0.0,nan
2024-09-03,2024-10-17,-0.23381196,0.86238736,0.86238736,1.0961993,0.002126905834302306,0.02215288206934929,0.08408605679869652,-0.04490718,nan,67.33096837997437,0.4021847750201914,0.0,0.7590460773979822,0.008345678100548662,0.5,0.7590460773979822,0.0,nan
2024-09-03,2024-12-24,-0.24926396,0.8746351,0.8746351,1.1238991,-0.0011907644802704453,0.008549209218472242,0.016871140338480473,-0.01324672,-0.002593709,95.49828171730042,2.1827901055427037,0.819838195233467,0.7632489630532094,0.043923276242708746,0.4741306324668402,0.7639573722467865,0.016504090074597383,0.4743279345466689
2024-11-06,2024-12-12,-0.021172367,0.22953567,0.22953567,0.25070804,0.05268805846571922,0.07299075275659561,0.09927216172218323,0.3366944,0.34314862,89.68473076820374,1.347157894736842,0.3498947368421052,0.747698596491228,0.02654463452263201,0.496978694587696,0.74778,0.006936300389384372,0.5
2024-10-09,2024-10-29,-0.06662389,0.09405766,0.09405766,0.16068155,-0.024367415811866522,0.006376414094120264,0.02459270041435957,nan,nan,37.77977228164673,0.0,0.0,0.7502027852256987,0.0,nan,0.7502027852256987,0.0,nan
2024-10-09,2024-12-20,-0.09323668,0.14017507,0.14017507,0.23341176,-0.06248033791780472,-0.026205431669950485,-0.007192716933786869,0.2797967,0.43832156,88.17517757415771,1.5123967824981572,0.2855728727135476,0.7570622313852421,0.030542372184897873,0.48999387860808963,0.7573114845160395,0.005774756609051179,0.4906483790523691
2024-07-21,2024-08-02,-0.21251999,0.20234011,0.21251999,0.4148601,0.002889235969632864,0.009463134221732616,0.016295935958623886,nan,nan,34.18352007865906,0.0,0.0,0.7738433085024403,0.0,nan,0.7738433085024403,0.0,nan
2024-08-14,2024-09-15,-0.12313667,0.34429362,0.34429362,0.4674303,0.0020548979518935084,0.009128084406256676,0.021810423117130995,nan,nan,37.300023436546326,0.0,0.0,0.7517054689012087,0.0,nan,0.7517054689012087,0.0,nan
2024-08-26,2024-09-07,-0.10441111,0.096288554,0.10441111,0.20069966,-0.03342746943235397,-0.011065560393035412,0.0040793538792058825,nan,nan,32.441043853759766,0.0,0.0,0.7572868404969767,0.0,nan,0.7572868404969767,0.0,nan
2024-05-18,2024-08-02,-0.1303929,0.78040075,0.78040075,0.91079366,0.013866594061255455,0.025779100134968758,0.05717342346906662,0.029029258,0.08755907,83.92447233200073,1.873213210302984,0.1104781155036237,0.8028744384375238,0.04707263533997782,0.494881933409704,0.8030474931297287,0.002757503167877285,0.49154135338345867
2024-08-26,2024-10-05,-0.21528712,0.87650776,0.87650776,1.0917948,-0.009399661794304848,-0.0034340950660407543,0.0050147706642746925,nan,nan,46.35205864906311,0.0,0.0,0.7784940472735591,0.0,nan,0.7784940472735591,0.0,nan
2024-05-18,2024-12-20,-0.12559882,0.94526595,0.94526595,1.0708648,0.024724937975406647,0.04087652638554573,0.06257256865501404,0.06027791,0.0712699,85.1304292678833,2.1541848085668995,0.3010459425596865,0.7774835078878328,0.04816048306772908,0.49720437017994856,0.7775894173594623,0.006735557768924302,0.497585651873994
2024-08-10,2024-09-07,-0.15143943,0.093988605,0.15143943,0.24542803,-0.05638706311583519,-0.05073010176420212,-0.043087080121040344,nan,nan,37.92518377304077,0.0,0.0,0.7626595801884256,0.0,nan,0.7626595801884256,0.0,nan
2024-07-21,2024-09-15,-0.11250465,0.36662886,0.36662886,0.47913352,0.019786649383604527,0.0364176370203495,0.05294346809387207,nan,nan,34.18352007865906,0.0,0.0,0.7627772925764192,0.0,nan,0.7627772925764192,0.0,nan
2024-10-01,2024-11-06,-0.07114714,0.12197061,0.12197061,0.19311774,0.006232312880456448,0.01798781007528305,0.029769064858555794,nan,nan,34.183573722839355,0.0,0.0,0.7660074300699301,0.0,nan,0.7660074300699301,0.0,nan
2024-05-18,2024-11-06,-0.111174166,0.96655077,0.96655077,1.0777249,0.026069706305861473,0.03592564910650253,0.06455178558826447,0.038488153,nan,76.17514729499817,1.2239812270269896,0.0,0.7802814561514021,0.02769566286171708,0.49700260151566567,0.780354831340897,0.0,nan
2024-08-14,2024-12-24,-0.19735445,0.92547464,0.92547464,1.1228291,0.01058247615583241,0.01726337894797325,0.02524563390761614,0.019755375,0.011625794,86.97860836982727,2.211342925850216,0.4208988543597167,0.7577524929143169,0.04493498307778737,0.49148732090402253,0.7581289819682954,0.008700894753428974,0.5
2024-10-01,2024-10-25,-0.071124785,0.07885097,0.07885097,0.14997575,-0.018528307788074017,0.008093753829598427,0.036513783037662506,nan,nan,34.18352007865906,0.0,0.0,0.7320027653164446,0.0,nan,0.7320027653164446,0.0,nan
2024-08-10,2024-10-01,-0.21405375,0.86185247,0.86185247,1.0759063,0.0021209341939538717,0.011591147631406784,0.024587489664554596,nan,nan,34.184953570365906,0.0,0.0,0.7617801380504826,0.0,nan,0.7617801380504826,0.0,nan
2024-08-14,2024-09-07,-0.11853743,0.14923202,0.14923202,0.26776946,-0.02993421209976077,-0.02210263814777136,-0.008609591983258724,nan,nan,34.42021310329437,0.0,0.0,0.7586632252385536,0.0,nan,0.7586632252385536,0.0,nan
2024-05-18,2024-10-05,-0.13701303,0.89061874,0.89061874,1.0276318,0.04479323234409094,0.06023506447672844,0.07203756272792816,0.09452509,0.058086038,80.98134398460388,1.6204149159300307,0.0271349757377321,0.7857302561901663,0.03726985307792449,0.4922465718313469,0.7859815316032479,0.0006339400506181725,0.5
2025-01-29,2025-02-22,-0.07587387,0.056952313,0.07587387,0.13282618,-0.015485723502933979,-0.003230276284739375,0.0012382522691041231,nan,nan,38.47083747386933,0.0,0.0,0.7490032639376522,0.0,nan,0.7490032639376522,0.0,nan
2024-10-01,2024-10-09,-0.1099637,0.051373478,0.1099637,0.16133718,-0.030265161767601967,-0.010221954435110092,0.016702434979379177,nan,nan,34.18352007865906,0.0,0.0,0.7319017460526894,0.0,nan,0.7319017460526894,0.0,nan
2024-07-21,2024-10-09,-0.18029949,0.870486,0.870486,1.0507855,0.026115640066564083,0.055774422362446785,0.07890801131725311,nan,nan,34.183523058891296,0.0,0.0,0.771808545252162,0.0,nan,0.771808545252162,0.0,nan
2024-10-01,2024-12-24,-0.15680727,0.3948363,0.3948363,0.5516436,-0.0016439800383523107,0.005506041459739208,0.014241051860153675,0.10887817,0.1456415,96.90774083137512,3.554572393015789,1.8527070413862867,0.7543245865769451,0.06594061767160857,0.44902851619139683,0.7565903043497383,0.03546586566579412,0.46335311572700294
2024-08-10,2024-08-22,-0.17472973,0.12853992,0.17472973,0.30326965,-0.010612103156745434,0.010229365900158882,0.02475455403327942,0.03993514,0.027663615,89.28470015525818,2.548118149478278,0.4581872313208754,0.7273219961001729,0.046322530715912545,0.49526586144661944,0.7275264681660342,0.008341535496973206,0.49598517603458925
2024-10-01,2024-10-29,-0.094991565,0.071617104,0.094991565,0.16660866,-0.015163823030889034,-0.0033558232244104147,0.005154888145625591,nan,nan,34.18352007865906,0.0,0.0,0.7579578440427497,0.0,nan,0.7579578440427497,0.0,nan
2024-08-22,2024-10-05,-0.2061866,0.9084803,0.9084803,1.1146669,-0.006931687472388148,0.01096910797059536,0.02258564531803131,-0.024794199,nan,79.95889186859131,0.7302051577819889,0.0,0.771875257477136,0.015997230959081402,0.4997649271274095,0.7718786905056164,0.0,nan
2024-09-15,2024-10-17,-0.16283622,0.6701408,0.6701408,0.83297706,-0.0191761227324605,-0.004815402906388044,0.022737853229045868,-0.10592316,-0.1442759,83.6771547794342,1.9754926954709704,0.3413952869715578,0.742313410295063,0.03739856014331221,0.48684948800673306,0.7428329851027511,0.006637618107982517,0.5
2024-10-01,2024-10-17,-0.08875177,0.09706202,0.09706202,0.18581378,-0.023609889671206474,-0.00544757186435163,0.034916491247713566,nan,nan,36.30680441856384,0.0,0.0,0.7302091579803844,0.0,nan,0.7302091579803844,0.0,nan
2024-08-14,2024-12-20,-0.16942748,0.9539691,0.9539691,1.1233966,0.028815187513828278,0.035322438925504684,0.04203368630260229,nan,nan,34.420132637023926,0.0,0.0,0.7606762485782236,0.0,nan,0.7606762485782236,0.0,nan
2024-08-10,2024-10-05,-0.22033268,0.83856046,0.83856046,1.0588932,-0.00481770746409893,0.02711023949086666,0.03867308422923088,nan,nan,37.92518079280853,0.0,0.0,0.7635015239890307,0.0,nan,0.7635015239890307,0.0,nan
2024-08-02,2024-10-29,-0.24065,0.84230775,0.84230775,1.0829577,-0.008152804570272565,0.008584429509937763,0.026962839532643557,nan,nan,34.18352007865906,0.0,0.0,0.7609215278682147,0.0,nan,0.7609215278682147,0.0,nan
2024-09-03,2024-10-29,-0.261824,0.8385696,0.8385696,1.1003935,-0.014288972830399871,-0.0006177575560286641,0.008183635072782636,nan,nan,37.991535663604736,0.0,0.0,0.7703132058424936,0.0,nan,0.7703132058424936,0.0,nan
2024-08-02,2024-08-10,-0.063519105,0.06308834,0.063519105,0.12660745,-0.005836247466504574,0.00489541981369257,0.011308656074106693,nan,nan,34.18352007865906,0.0,0.0,0.7127004745946,0.0,nan,0.7127004745946,0.0,nan
2024-08-02,2024-10-25,-0.22643495,0.9324337,0.9324337,1.1588687,-0.0068726190365850925,0.02094045653939247,0.04596685618162155,nan,nan,34.18353199958801,0.0,0.0,0.7564199675910739,0.0,nan,0.7564199675910739,0.0,nan
2024-10-17,2024-10-29,-0.13179907,0.06819132,0.13179907,0.19999039,-0.046510472893714905,0.0020867392886430025,0.01686098799109459,nan,nan,38.470831513404846,0.0,0.0,0.7440872353948504,0.0,nan,0.7440872353948504,0.0,nan
2024-08-14,2024-10-01,-0.19252335,0.89202666,0.89202666,1.08455,0.009272538591176271,0.01338685117661953,0.017555998638272285,nan,nan,47.8970468044281,0.0,0.0,0.7515371093594648,0.0,nan,0.7515371093594648,0.0,nan
2024-09-15,2024-10-09,-0.14171761,0.6513893,0.6513893,0.7931069,0.0020537322852760553,0.016918565146625042,0.0256033968180418,-0.07090497,-0.09625316,87.85187602043152,1.2950575273227072,0.2569470615619943,0.739317888337139,0.024662935014216347,0.4962554830426875,0.7394148756345741,0.004930194349882959,0.5
2024-09-15,2024-11-06,-0.07683501,0.7810611,0.7810611,0.8578961,0.03689061105251312,0.06319842487573624,0.09124050289392471,nan,nan,34.2231422662735,0.0,0.0,0.7638695299164246,0.0,nan,0.7638695299164246,0.0,nan
2024-08-02,2024-11-06,-0.21399654,0.89800966,0.89800966,1.1120062,-0.009004201274365187,0.012209462001919746,0.023599223233759403,nan,nan,34.183523058891296,0.0,0.0,0.7635574318810859,0.0,nan,0.7635574318810859,0.0,nan
2024-08-10,2024-09-03,-0.13035828,0.12875779,0.13035828,0.25911605,-0.025814294815063477,-0.01551637938246131,-0.004657954792492092,nan,nan,19.759371876716614,0.0,0.0,0.7547828068000758,0.0,nan,0.7547828068000758,0.0,nan
2024-07-21,2024-09-03,-0.15872943,0.32918274,0.32918274,0.48791218,0.012169514782726765,0.02717839553952217,0.040628548711538315,0.08894758,nan,64.64681029319763,0.3319462282729685,0.0,0.7632475383166367,0.007010407112829074,0.5,0.7632475383166367,0.0,nan
2024-09-03,2024-10-25,-0.2340626,0.89785224,0.89785224,1.1319149,-0.029744932428002357,-0.005450955592095852,0.04254425689578056,nan,nan,34.183523058891296,0.0,0.0,0.7556368153755595,0.0,nan,0.7556368153755595,0.0,nan
2024-05-18,2024-09-07,-0.1595125,0.79329014,0.79329014,0.95280266,0.0036881909472867846,0.01605382189154625,0.029230467043817043,0.028302126,0.044622812,89.00670409202576,1.1932467136913951,0.2776489481735808,0.7765701252223752,0.02662373981119827,0.4984336930038287,0.7766054283795851,0.0062097270230029485,0.49962602842183995
2024-08-02,2024-12-24,-0.23065993,0.92635685,0.92635685,1.1570168,0.008734079543501139,0.021971525624394417,0.038420116528868675,0.022263987,0.0317991,96.04503512382507,4.011634903391398,1.7462245908908829,0.758429040771616,0.0797616263875325,0.47656715497935115,0.7598236466470938,0.03541388701668478,0.486099310865666
2024-08-26,2024-10-25,-0.21214002,0.8664304,0.8664304,1.0785704,-0.018517427146434784,-0.0028934201691299677,0.0042818812653422356,nan,nan,34.26999151706696,0.0,0.0,0.7717570700362933,0.0,nan,0.7717570700362933,0.0,nan
2024-08-14,2024-11-06,-0.17704757,0.9297855,0.9297855,1.1068331,-0.0045495484955608845,0.00842713750898838,0.0176888145506382,nan,nan,34.420046210289,0.0,0.0,0.7678116441170934,0.0,nan,0.7678116441170934,0.0,nan
2024-08-14,2024-12-12,-0.20474935,0.9085689,0.9085689,1.1133182,-0.0016005760116968304,0.009136310312896967,0.026773498859256506,nan,nan,44.18843686580658,0.0,0.0,0.7596952559727868,0.0,nan,0.7596952559727868,0.0,nan
2024-09-15,2024-10-01,-0.15108617,0.6727791,0.6727791,0.82386523,-0.028158394619822502,-0.013380499556660652,0.013693215325474739,-0.05931621,-0.09319595,96.37978076934814,3.1812526325123587,1.4449029018599393,0.727757695249285,0.058080502609694384,0.4966464144944579,0.7278685378749252,0.02636943697069171,0.49645203049335956
2024-09-15,2024-10-05,-0.1475416,0.6617836,0.6617836,0.80932516,-0.001823019323637709,0.002784606534987688,0.007313507841899991,-0.09714682,-0.15113251,89.51786160469055,1.8919450663947328,0.526710301713627,0.7366909181094682,0.034887384982115285,0.484456243134383,0.737218113347669,0.00990811753677474,0.49421281073260553
2024-09-07,2024-09-15,-0.17377326,0.30373886,0.30373886,0.47751212,-0.013678211718797684,0.005645374301820993,0.031667206436395645,nan,nan,34.26998555660248,0.0,0.0,0.7306192406048666,0.0,nan,0.7306192406048666,0.0,nan
2024-09-07,2024-12-20,-0.24827491,0.8365172,0.8365172,1.0847921,-0.010315533727407455,-0.0020831397268921137,0.0046785431914031506,nan,nan,34.27000343799591,0.0,0.0,0.7714303273231339,0.0,nan,0.7714303273231339,0.0,nan
2024-10-09,2024-12-12,-0.045542102,0.13894394,0.13894394,0.18448605,0.007619827287271619,0.013656557071954012,0.021046653389930725,0.58904743,nan,69.26715970039368,0.6254829279409199,0.0,0.7589426682191576,0.012910421852724573,0.49749516110668335,0.7589740028984578,0.0,nan
2024-08-10,2024-10-29,-0.2307231,0.8114419,0.8114419,1.042165,-0.004314993508160114,0.006870458833873272,0.022733313962817192,nan,nan,37.92519271373749,0.0,0.0,0.7661578920557296,0.0,nan,0.7661578920557296,0.0,nan
2024-05-18,2024-08-10,-0.14947188,0.77417725,0.77417725,0.92364913,-0.00918250996619463,0.0013727560872212052,0.0400308845564723,0.0081382245,0.060238454,82.69464373588562,1.156213009559541,0.0647224548846417,0.7773834822757384,0.02584634333336962,0.4975154163922649,0.7774409364335505,0.0014540512043742836,0.5
2024-10-25,2024-10-29,-0.09481157,0.05621578,0.09481157,0.15102735,-0.03429538942873478,-0.010053455829620361,0.010612727608531713,nan,nan,34.18352007865906,0.0,0.0,0.7420693552530182,0.0,nan,0.7420693552530182,0.0,nan
2024-07-21,2024-12-20,-0.07648569,0.93356586,0.93356586,1.0100515,0.03030390292406082,0.04429822787642479,0.06429755687713623,0.046544082,nan,59.73173379898071,0.2013871050603647,0.0,0.7692960013699803,0.004358734541783578,0.4993197278911565,0.7692987413305934,0.0,nan
2024-09-07,2024-10-17,-0.28666446,0.90944344,0.90944344,1.1961079,-0.021042291074991226,0.005424725357443094,0.05825764313340187,nan,nan,34.26998555660248,0.0,0.0,0.7564923469823245,0.0,nan,0.7564923469823245,0.0,nan
2024-08-14,2024-09-03,-0.11715531,0.15294518,0.15294518,0.27010047,-0.024400906637310982,-0.016509540379047394,-0.004967995919287205,nan,nan,34.42000150680542,0.0,0.0,0.7463789441868234,0.0,nan,0.7463789441868234,0.0,nan
2024-05-18,2024-10-09,-0.14726149,0.85017943,0.85017943,0.99744093,0.0263474490493536,0.05149511247873306,0.0689619779586792,0.038871862,nan,76.48351788520813,0.8226327848653289,0.0,0.7830510234454497,0.018859343983966607,0.4972652305621003,0.783096017665423,0.0,nan
2024-08-22,2024-11-06,-0.18701148,0.98427355,0.98427355,1.171285,-0.026494201738387346,-0.014465826097875834,0.0012305592535994947,nan,nan,35.13648211956024,0.0,0.0,0.775144187196177,0.0,nan,0.775144187196177,0.0,nan
2024-09-03,2024-12-20,-0.22333696,0.94126046,0.94126046,1.1645974,0.013521979097276926,0.022223269566893578,0.03126596286892891,0.0058177384,-0.0053694276,87.30414509773254,1.2357804821289236,0.2342883738757853,0.7608964969678718,0.02584195686089284,0.5,0.7608964969678718,0.004899308686504358,0.5
2024-08-14,2024-08-26,-0.07051836,0.16830628,0.16830628,0.23882464,-0.004290859447792172,0.0076863719150424,0.02238410245627165,nan,nan,34.42000150680542,0.0,0.0,0.7642992928899247,0.0,nan,0.7642992928899247,0.0,nan
2024-09-03,2024-10-01,-0.22568236,0.9137137,0.9137137,1.1393961,0.024075184017419815,0.03147724270820618,0.03696388006210327,-0.0284897,nan,72.50027656555176,1.1986831117986063,0.0,0.7461557678881877,0.023610603672700653,0.5,0.7461557678881877,0.0,nan
2024-05-18,2024-10-29,-0.11443442,0.8992431,0.8992431,1.0136776,0.01687522977590561,0.026342151686549187,0.040121421217918396,0.10738748,nan,55.30396103858948,0.2923239860725584,0.0,0.780126053037802,0.006355361578334754,0.4777409424579683,0.7802561901663402,0.0,nan
2024-10-01,2024-12-20,-0.06105568,0.18026143,0.18026143,0.24131711,0.013641116209328175,0.019509360194206238,0.026939671486616135,0.33305496,0.45080543,92.85920262336732,3.00308967761798,1.1117616660069491,0.759163890354928,0.057730846974760594,0.45814645308924484,0.7611615978361261,0.02224199031715778,0.47678946717764864
2024-08-02,2024-09-15,-0.16107689,0.29740614,0.29740614,0.45848304,0.007311109919101,0.02368047460913658,0.040657054632902145,0.08001088,nan,74.12995100021362,0.5830639458114842,0.0,0.750682466705021,0.011693199794368949,0.5,0.750682466705021,0.0,nan
2024-08-26,2024-11-06,-0.20595314,0.9380778,0.9380778,1.1440309,-0.05192537233233452,-0.020531635731458664,0.0016026943922042847,nan,nan,40.149253606796265,0.0,0.0,0.7708512723163224,0.0,nan,0.7708512723163224,0.0,nan
2024-08-10,2024-08-14,-0.061216567,0.094486274,0.094486274,0.15570284,-0.01986363995820284,0.00037581255310215056,0.013942139223217964,nan,nan,39.18848037719727,0.0,0.0,0.8608801072027938,0.0,nan,0.8608801072027938,0.0,nan
2024-10-05,2024-12-24,-0.16159463,0.43859845,0.43859845,0.6001931,-0.01733272708952427,-0.0011208837386220694,0.009794821729883552,0.102105044,0.15548305,96.8730092048645,3.3373882340541394,1.5721889437349583,0.7494356807841622,0.06123354270910962,0.4541088229488782,0.7513716397023088,0.029484131208819805,0.46415270018621974
2024-10-05,2024-10-25,-0.06498463,0.06536721,0.06536721,0.13035184,-0.01411140849813819,-0.0011737390304915607,0.012110944604501128,nan,nan,36.831024289131165,0.0,0.0,0.7214345418986889,0.0,nan,0.7214345418986889,0.0,nan
2024-08-22,2024-10-25,-0.1939197,0.94441164,0.94441164,1.1383313,-0.01997491344809532,0.002656708238646388,0.03755970299243927,-0.019406842,nan,57.82819986343384,0.4002224602455302,0.0,0.7653054708741863,0.008463182595541798,0.49622576771315835,0.7653356815248139,0.0,nan
2024-05-18,2024-10-01,-0.1337714,0.9073852,0.9073852,1.0411565,0.023355835117399693,0.029654014855623245,0.0507037416100502,0.05067771,0.05186595,93.8825011253357,2.993361622007019,0.6315804046710923,0.777586648484387,0.06670749304237529,0.4949818467728881,0.7778635359919149,0.014164570808829716,0.4981367821131083
2024-10-29,2024-11-06,-0.095723614,0.10140047,0.10140047,0.1971241,-0.019334570970386267,-0.006635589990764856,0.008879533037543297,nan,nan,37.925198674201965,0.0,0.0,0.7286597066541666,0.0,nan,0.7286597066541666,0.0,nan
2024-08-26,2024-12-12,-0.20279604,0.9230893,0.9230893,1.1258854,0.017296446952968836,0.025715109892189503,0.037531837821006775,nan,nan,34.269994497299194,0.0,0.0,0.7736990894223448,0.0,nan,0.7736990894223448,0.0,nan
2024-08-10,2024-11-06,-0.21869873,0.8688045,0.8688045,1.0875032,-0.01121492125093937,0.0003697364591062069,0.013071727938950062,nan,nan,37.92518377304077,0.0,0.0,0.7684976468024531,0.0,nan,0.7684976468024531,0.0,nan
2024-08-22,2024-10-17,-0.2187293,0.8893874,0.8893874,1.1081167,-0.0189301036298275,-0.0024889069609344006,0.04226531460881233,-0.02189243,nan,73.5391616821289,0.9042597017384856,0.0,0.7651169976106121,0.01924915154650928,0.5,0.7651169976106121,0.0,nan
2024-08-14,2024-10-17,-0.21699588,0.86879826,0.86879826,1.0857941,-0.019691595807671547,-0.0027668096590787172,0.014231383800506592,nan,nan,34.71312522888184,0.0,0.0,0.754696170682108,0.0,nan,0.754696170682108,0.0,nan
2024-05-18,2024-12-12,-0.15183376,0.9256102,0.9256102,1.077444,0.04349111020565033,0.058561865240335464,0.07961304485797882,0.050239682,0.0639769,92.01306104660034,1.816451271259769,0.5151492077556191,0.7785048766812264,0.04076750981431365,0.49685606493654966,0.7785858662771782,0.011559862232207209,0.4967750604676162
2024-08-26,2024-10-01,-0.22874403,0.8519445,0.8519445,1.0806885,-0.03560416493564844,-0.013882534112781286,0.01553172804415226,-0.05850313,nan,61.67725324630737,0.2310074396277113,0.0,0.7720759599987709,0.005067640947976913,0.5,0.7720759599987709,0.0,nan
2024-08-10,2024-10-09,-0.24387941,0.8735509,0.8735509,1.1174303,0.0017032453906722367,0.042385756969451904,0.06185711547732353,nan,nan,37.92518079280853,0.0,0.0,0.760837727006444,0.0,nan,0.760837727006444,0.0,nan
